-- phpMyAdmin SQL Dump
-- version 4.9.7
-- https://www.phpmyadmin.net/
--
-- Host: localhost
-- Generation Time: Jul 07, 2024 at 05:17 PM
-- Server version: 5.6.51
-- PHP Version: 5.6.40

SET SQL_MODE = "NO_AUTO_VALUE_ON_ZERO";
SET AUTOCOMMIT = 0;
START TRANSACTION;
SET time_zone = "+00:00";


/*!40101 SET @OLD_CHARACTER_SET_CLIENT=@@CHARACTER_SET_CLIENT */;
/*!40101 SET @OLD_CHARACTER_SET_RESULTS=@@CHARACTER_SET_RESULTS */;
/*!40101 SET @OLD_COLLATION_CONNECTION=@@COLLATION_CONNECTION */;
/*!40101 SET NAMES utf8mb4 */;

--
-- Database: `quratedf_db`
--

-- --------------------------------------------------------

--
-- Table structure for table `brand`
--

CREATE TABLE `brand` (
  `id` int(10) UNSIGNED NOT NULL,
  `category` varchar(255) COLLATE utf8mb4_unicode_ci DEFAULT NULL,
  `slug` varchar(255) COLLATE utf8mb4_unicode_ci NOT NULL,
  `name` varchar(255) COLLATE utf8mb4_unicode_ci NOT NULL,
  `company_name` varchar(255) COLLATE utf8mb4_unicode_ci DEFAULT NULL,
  `contact_address` varchar(255) COLLATE utf8mb4_unicode_ci DEFAULT NULL,
  `tel` varchar(255) COLLATE utf8mb4_unicode_ci DEFAULT NULL,
  `email` varchar(255) COLLATE utf8mb4_unicode_ci DEFAULT NULL,
  `fax` varchar(255) COLLATE utf8mb4_unicode_ci DEFAULT NULL,
  `website` varchar(255) COLLATE utf8mb4_unicode_ci DEFAULT NULL,
  `facebook` varchar(255) COLLATE utf8mb4_unicode_ci DEFAULT NULL,
  `ig` varchar(255) COLLATE utf8mb4_unicode_ci DEFAULT NULL,
  `line` varchar(255) COLLATE utf8mb4_unicode_ci DEFAULT NULL,
  `logo` varchar(255) COLLATE utf8mb4_unicode_ci DEFAULT NULL,
  `collection_name` varchar(255) COLLATE utf8mb4_unicode_ci DEFAULT NULL,
  `booth_no` varchar(255) COLLATE utf8mb4_unicode_ci DEFAULT NULL,
  `about_brand` text COLLATE utf8mb4_unicode_ci,
  `about_collection` text COLLATE utf8mb4_unicode_ci,
  `status` tinyint(1) NOT NULL DEFAULT '1',
  `created_at` timestamp NULL DEFAULT NULL,
  `updated_at` timestamp NULL DEFAULT NULL
) ENGINE=InnoDB DEFAULT CHARSET=utf8mb4 COLLATE=utf8mb4_unicode_ci;

--
-- Dumping data for table `brand`
--

INSERT INTO `brand` (`id`, `category`, `slug`, `name`, `company_name`, `contact_address`, `tel`, `email`, `fax`, `website`, `facebook`, `ig`, `line`, `logo`, `collection_name`, `booth_no`, `about_brand`, `about_collection`, `status`, `created_at`, `updated_at`) VALUES
(1, 'spectacle', 'ocharnakorn', 'OCHARNAKORN', '305Stop Studio Co., Ltd.', 'No.1 Soi Tiwanon 25, 4th Rd., Tiwanon Rd., Bangrak, Muangnonthaburi, Nonthaburi 11000 THAILAND', '+668 1554 4044', 'ocharnakorn@gmail.com', '', 'www.ocharnakorn.com', 'https://www.facebook.com/Ocharnakorn', 'https://www.instagram.com/ocharnakorn', '@ocharnakorn', 'https://drive.google.com/open?id=123kLOeOUvTWzSp923gz_n3rBbbvihRNS', 'Insect Symphpny', 'EH 100 : Y - 08', 'โอชานคร (OCHARNAKORN) เป็นการออกแบบในสไตล์ “Psychedelic Art” ให้มีอัตลักษณ์ รูปทรงในแบบ “Geometric” ที่สนุกสนานจัดจาน เราอยากนำเสนอ สินค้าที่ตอบรับ ลูกค้าที่ชอบงานออกแบบที่มีเอกลักษณ์เฉพาะตัว กลิ่นอายแห่งชนเผ่า ความสนุกสนานแบบมิวสิคเฟสติวัล และความสดชื่นแห่งท้องทะเล เพราะเราคิดว่ามันคืองานศิลปะ ที่สามารถเล่าเรื่องได้ \n\nโอชานคร (OCHARNAKORN) มีสินค้าไลฟ์สไตล์แฟชั่น (ในแบบรี่สอร์ทแวร์ ) และของตกแต่งบ้าน (ที่มาจากลายผ้าของเราเอง) เราพยายามสร้างสินค้าใหม่เพิ่มให้เหมาะสมกับไลฟ์สไตล์ คนรักการท่องเที่ยวให้มีความเฉพาะตัวมากขึ้น', 'คอลเลคชั่น : Insect symphpny\n\nหลังฝนตกในป่าใหญ่ จะเกิดเสียงร้องของเหล่าแมลงตัวน้อยมากมาย หลายเผ่าพันธ์ ที่แพกระจายไปทั่วเปรียบเสมือนโอเปร่าวงใหญ่ กำลังบรรเลงเพลงจากความสุข ตอนรับความสดชื่น กับกลิ่นอันหอมหวานของดอกไม้ที่กำลังผลิบาน และความสดชื่นของน้ำฝน ทำให้เกิดเป็นแรงบันดาลใจในการสร้าง คอลเลคชั่น : Insect symphpny ในสไตล์ “Psychedelic Art” ที่เป็นลายเส้นเฉพาะของแบรนด์ OCHARNAKORN', 1, '2018-10-13 13:09:30', NULL),
(2, 'foot-print', 'munzaa', 'MUNZAA', 'A2012 Co, Ltd.', '305/122 Pichai, Dusit, Bangkok 10300 THAILAND', '+666 3363 6419', 'suitsapha@gmail.com', '', '', 'https://www.facebook.com/munsanaturalfabric', 'https://www.instagram.com/munzaa_craft/', '@munzaa', 'https://drive.google.com/open?id=1lK_RhvL_A06phnvw9pvizpDB3m16MfMP', 'SS19 - Bhum', 'EH 100 : Y - 13', 'munzaa: is a new definition of “Urban Craft” where the art meets craft, intellectual meets design, and fashion meets sustainability. we proudly presents the beauty and sincerity of the local wisdom through creative craft and modern design where everyone could enjoy and have fun wearing munzaa’s. Moreover, we focus not only on promoting natural fabrics as the main materials for all products, but the intrinsic goal is to develop a sustainable fashion business that incorporates social, environment, and economic aspects. This helps in distributing income to the locals and sustaining the intellect.', '', 1, '2018-10-13 13:09:30', NULL),
(3, 'sanctuary', 'a2w', 'A2W', 'A2W Co., Ltd.', '33 Khlonghok, Khlongluang, Patumthani 12120 THAILAND', '+668 4469 9564', 'isariya@studiocerebrum.com', '', 'www.a2wstore.com', '', '', 'nokcerebrum', '', 'Let\'s Reboot', 'EH 100 : Y - 03', '', '', 1, '2018-10-13 13:09:30', NULL),
(4, 'sanctuary', 'amata', 'AMATA', 'Amata Philosophy Co., Ltd.', '4/806 Soi 32 Sahakorn Village Serithai 57, Buengkum Klongkum, Bangkok 10240 THAILAND', '+668 3666 9194', 'kunakorn.waan@gmail.com', '', '', 'Http://www.facebook.com/amatastyle', 'Http://instagram.com/AMATA_style', '@amatastyle', '', 'SS19 Mediterranean', 'EH 100 : X -  22, 24', 'We believe women character , Intelligence, Strength and Style that makes beauty. Women today has become leader in career role and life. She is a great giver and a great receiver. She is feminine, smart and inspire people. just like people say “Behind every successful men is women”\n\nAMATA women fashion brand has grounded our brand concept as Sweet and Smart with STYLE since 2010. our women know herself well, she choose a simple item with an impact detail quickly and wisely. Currently, we have 3 shops located at The promenade, The mall and Kingpower. \n\nCheck out AMATA collection at www.facebook.com/amatastyle\n', '“Mediterranean” is called for the summer Vacation. AMATA women passed the winter pretty toughly with the passion to bring it all done by end of the year. Now new year come, she start to find her life and project inspiration once again. She choose to travel in town mix city, surround by what she love, in the different environment. She choose Mediterranean holiday.\n\nDrinking great coffee with friends and family,  Getting to dress different over a short trip somewhere, is enough for her to develop herself a passion and life goal.', 1, '2018-10-13 13:09:30', NULL),
(5, 'elsewhere', 'anuroj', 'ANUROJ', 'Anuroj Handpaint  Ltd., Part.', '16/1 Moo 8, Lampu, Moung, Narathiwat 96000 THAILAND', '+669 2264 6969', 'anurojhandpaint@hotmail.com', '+66 7353 0500', '', 'https://www.facebook.com/anurojhandpaint', 'https://www.instagram.com/anuroj_official', '@anurojhandpaint', 'https://drive.google.com/open?id=17Sc9pxdSZ34eXCTrupUpGqFmPYCOiXql', 'California Striped', 'EH 100 : W -  21, 23', 'Anuroj is brand of artistry wearable , Everybody can wear. We used hand painted on fabric one by one .Attention on every process to made the best clothes and accessories to our customer.', 'California Striped\n\nคอลเลคชั่นนี้ได้แรงบันดาลใจจาก Holiday\nในยุค 1950s ใน California\nโดยนำองค์ประกอบที่น่าสนใจ เช่น Salvation\nMountain ใน California และลาย striped\nซึ่งนำมาผสมผสานกับภาพแบบ Landscape และ\nSeascape จึงกลายเป็นลายผ้าในคอลเลคชั่นนี้\n\nโครงชุดอ้างอิงจากเสื้อผ้า Holiday และ Beach wears ในยุค 1950s\nโดยผสมผสานกับโครงชุดสมัยใหม่ให้มีความร่วมสมัยมากขึ้', 1, '2018-10-13 13:09:30', NULL),
(6, 'spectacle', 'blackout', 'BLACKOUT', 'API Product Co., Ltd.', '88/151 Soi Prayamonthad 9-3, Bangbon, Bangkok 10150 THAILAND', '+66 2415 8990', 'woo.sale@gmail.com', '+66 2108 1207', 'www.blackoutshoe.net', '', 'https://www.instagram.com/Blackoutshoe/', 'Blackoutslipper', 'https://drive.google.com/open?id=1nTyTnp7HCxhe0EGT4_HFkGVSS-C72W63', 'Stellar Winter 2018 - Blackout, Toeloop', 'EH 101 : FF -  17, 19', '', '', 1, '2018-10-13 13:09:30', NULL),
(7, 'spectacle', 'artty', 'ARTTY', 'Artty Groups Co., Ltd.', '555/393 Moo 5, Bang Mueang, Mueang Samut Prakarn, Samut Prakarn 10270 THAILAND', ' +66 2077 9031', 'arttygroups@gmail.com', '+66 2077 9031', 'www.arttybrand.com', 'https://web.facebook.com/arttybrand/?_rdc=1&_rdr', 'https://www.instagram.com/arttybrand/', '@arttybrand', 'https://drive.google.com/open?id=1mec6pYoSJYdCK5WlOi4mppO-SD0jfcjG', 'SS19', 'EH 100 : AA - 01', '', '', 1, '2018-10-13 13:09:30', NULL),
(8, 'culture-club', 'baanbulun', 'BAANBULUN', 'Baanbulun Art & Design Ltd., Part.', '127/29  Moo 13, Padad, Muang, Chiang Mai 50100 THAILAND', '+668 9635 4206', 'baanbulun@gmail.com', '+66 5344 7287', 'www.jatujakmall.com/baan-bulun', 'https://www.facebook.com/Baanbulun', 'https://www.instagram.com/baanbulun/', 'ิbaanbulun', 'https://drive.google.com/open?id=1x4LCjMJiX8yTYlOgqUWY0bP1Nr-PfM17', 'AW 18/19- Line & Circle', 'EH 100 : Z - 15', '', '', 1, '2018-10-13 13:09:30', NULL),
(9, 'culture-club', 'baisri', 'BAISRI', 'Baisri Creation Co., Ltd.', '124/5 Moo 1, Tunghong-Padang Rd., Muangmo, Muang, Phrae 54000 THAILAND', '+66 5450 6720', 'baisrishop@hotmail.com', '+66 5450 6721', '', '', 'https://www.facebook.com/baisrishop/', '@baisrishop', 'https://drive.google.com/open?id=1c_4ugnYRdxkeo9LbFSgy23lQwJvnSEvQ', 'SS19 - Lai Kram', 'EH 100 : Y -  21, 23', 'Lanna contemporary style', 'Concept design : Casual wear\nInspiration : Blue and White Porcelain', 1, '2018-10-13 13:09:30', NULL),
(10, 'spectacle', 'botanique', 'BOTANIQUE', 'Bangkokcos Co., Ltd.', '15,17 Raminthra 14, Tharaeng, Bangkhen, Bangkok 10230 THAILAND', '+66 2943 8088', 'khanisorn.ang@gmail.com', '', '', '', '', '', 'https://drive.google.com/open?id=161LfVF1CXvQ6MAh_4E8hNZ0L04fU0lcg', 'SS19 - Simple Geometric', 'EH 100 : Y - 18', '', '', 1, '2018-10-13 13:09:30', NULL),
(11, 'foot-print', 'nada', 'NADA', 'Bd Handicraft Group Ltd., Part.', '119/196 Pk4, Moomon, Meaug, Udon Thani 41000 THAILAND', '+668 6437 8251', 'bd.handicraft55@gmail.com', '', 'www.pasing.com', 'https://www.facebook.com/bdhandicraftgroup/', '', '@pasing', 'https://drive.google.com/open?id=1QmRWW7uia5HSkuJO4vrXmxbGp9Q9wd66', 'Casual Smart', 'EH 100 : Z - 14', 'Casual Smart', '', 1, '2018-10-13 13:09:30', NULL),
(12, 'spectacle', 'rhythmotif', 'RHYTHMOTIF', 'Be 12 Studio Co., Ltd.', '250/265 Soi Phutthamonthon Sai 2 Soi 32, Sala Thammasop, Thawi Watthana, Bangkok 10170 THAILAND', '+669 6354 6596', 'rhythmotif@gmail.com', '', '', '', 'https://www.instagram.com/rhythmotif', '@rhythmotif', '', 'Dear Cluade', 'EH 100 : Y - 10', '', '', 1, '2018-10-13 13:09:30', NULL),
(13, 'spectacle', 'torboon', 'TORBOON', 'By Boon Companion Co., Ltd.', '158 Charoenrat Rd., Watket, MUANG, Chiangmai 50220 THAILAND', '+66 5333 9348', 'torboonchiangmai@gmail.com', '', 'www.torboonchiangmai.com', 'https://www.facebook.com/torboonchiangmai', ' https://www.instagram.com/torboonchiangmai', 'handbyboontavee', 'https://drive.google.com/open?id=1PImeidOYwexY3WZxz66wyvLCy5KGcOtl', 'SS19 - BellaniX and Clutch', 'EH 104 : VV -  52, WW -  51 (Design Hall)', '', '', 1, '2018-10-13 13:09:30', NULL),
(14, 'elsewhere', 'issue', 'ISSUE', 'By Issue Co., Ltd.', '110/2 Soi Behind Rewadee School, Pradipat Rd., Samsen Nai, Payathai, Bangkok 10400 THAILAND', '+66 2279 5797', 'issuethailand@gmail.com', '+66 2279 5797', 'www.issue-thailand.com', 'https://www.facebook.com/issuethailandofficial', 'https://www.instagram.com/issuethailand/', '@issuethailand', 'https://drive.google.com/open?id=12i3OuVMHQNH-Tzd-d4xZgjEedndW_dkO', 'AW18 - Visible', 'EH 100 : Y - 01', 'Issue’s style displays primitive cultures, religion, faith and journeys together and truly believe and respect in individualism, diversity and uniqueness of each culture. \nWe decide that we will never stop creating ‘passionate wear’ for customers who share the common belief. We will keep on designing our works with full of creativity with excellent quality. Unquestionably, the trend-setters’ eyes will be caught by our clothes.\n', '“VISIBLE ทุกสิ่งที่เรามองเห็น คือ แรงบันดาลใจ”\n\nทุกๆ อย่างที่อยู่รอบตัวคือแรงบันดาลใจ ช่วยสร้างแรงขับเคลื่อนในการใช้ชีวิตและการมีชีวิต คอลเลกชั่น VISIBLE นี้ ดีไซเนอร์ได้นำความรัก ความเชื่อ ความศรัทธา ในเครื่องรางของขลังของคนไทยในอดีต มาลดทอนรายละเอียดให้ร่วมสมัยมากขึ้นและที่พิเศษกว่านั้น  ยังได้ร่วมมือกับแบรนด์ Leila Amulets เป็นการร่วมมือครั้งพิเศษประจำปีที่ทุกคนต้องจับตามอง เพราะเนื่องจากเป็นการผสมผสานระหว่างความเชื่อในรูปแบบนามธรรมจะถูกนำมาให้ทุกคนได้เห็นเป็นรูปธรรมมากยิ่งขึ้น ซึ่งความสนุกของคอลเลคชั่นนี้คือการนำโครงเสื้อแนวสตรีทแวร์และสปอต์แวร์มาผสมผสานที่มีความแตกต่างบนความลงตัวที่น่าสนใจ\n\nเนื้อผ้าในคอลเลกชั่นนี้ ผสมผสานนวัฒกรรมพิเศษ ที่สามารถยับยั้งเชื้อแบคทีเรียที่เป็นสาเหตุของกลิ่นไม่พึงประสงค์บนเนื้อผ้า ด้วยคุณสมบัติของเส้นใยธรรมชาติซึ่งสามารถสะท้อนรังสี UV ซึ่งได้รับการพิสูจน์และรับรองจาก SGS สถาบันวิจัยชั้นนำของโลก ความเบาสบายนี้ได้นำเสนอออกมาใน (โทนขาว,เทา,ดำ,กรมท่า,ฟ้า,ครีม,แดง และเขียว) อิชชู่ยังคงไม่ทิ้งเอกลักษณ์โดยใช้ ผ้าปักอินเดียที่ถูกเลือกเป็นอีกหนึ่งวัสดุสำคัญที่อิชชู่ยังคงย้ำเสน่ห์กลิ่นอายถึงเอกลักษณ์และความเป็นชนพื้นเมืองได้อย่างชัดเจน เทคนิคสำคัญและพิเศษอีกอย่างใน       คอลเลกชั่นนี้คือ การใช้การสอดแทรกเทคนิคอย่างการสกรีน, การพิมพ์เทคนิคดิจิตอลปริ้นท์, และการนำเสนอการตัดเย็บลงบนเนื้อผ้าชนิดใหม่ๆ ทำให้ส่วนผสมที่ลงตัวเหล่านี้บ่งบอกเอกลักษณ์ของความเป็นอิชชู่ได้เป็นอย่างดี เหมาะสำหรับหนุ่มสาวที่รักในการเดินทางแต่ยังต้องการผลงานออกแบบที่ไม่เหมือนใคร \n\n อิชชู่ ไม่เคยหยุดนิ่งกับการสรรหาแรงบันดาลใจในการเพื่อนำเสนอสิ่งที่ออกมาจากความรัก ถ่ายทอดออกมาเป็นรูปธรรมใน จึงของนำทุกท่านร่วมเดินทางครั้งใหม่ผ่านความรัก ความเชื่อ ความศรัทธา แบบในรูปแบบอิชชู่ใน “ VISIBLE Collection ”\n', 1, '2018-10-13 13:09:30', NULL),
(15, 'culture-club', 'mada_design', 'MADA_DESIGN', 'C.M.Cotton and Bamboo Product Ltd., Part.', '65 Moo 4, Buakkang, Sankhamphaeng, Chiang Mai 50130 THAILAND', '+668 1883 1369', 'ps.cottonbamboo@gmail.com', '', '', 'https://www.facebook.com/byMAraDA/', '', 'cmcotton', '', 'SS19', 'EH 100 : Y - 16', '', '', 1, '2018-10-13 13:09:30', NULL),
(16, 'culture-club', 'finale-tote', 'FINALE  TOTE', 'C.P.N. Marketing Co., Ltd.', '99/11 Moo 1, Nadee, Muang Samut Sakhon, Samut Sakhon 74000 THAILAND', '+668 6322 4941', 'finale.tote@gmail.com', '', 'www.finale-tote.com/', 'https://www.facebook.com/finaletote/', 'https://www.instagram.com/finale_tote/?hl=en', '@finaletote', 'https://drive.google.com/open?id=1kJzDy5BeyO-Xv1kvYeaxQTp6s2ytHqcn', 'Tie Dye 2018', 'EH 100 : AA -  21, 23', 'FINALE TOTE is made by hand with fully meticulous in all details, and we are proud on each characteristic of bag.', '', 1, '2018-10-13 13:09:30', NULL),
(17, 'sanctuary', 'ph', 'PH.', 'Carbon Fourteen Ltd., Part.', '1, Moo 1, Khun Klone, Phra Phutthabat, Saraburi 18120 THAILAND', '+669 2247 7929', 'p.yakupt@gmail.com', '', 'www.ph.com', '', ' https://www.instagram.com/c14studio', '', 'https://drive.google.com/open?id=1I81RiXe-n0hXcEkHCKigcAYxXFvZVrOA', 'SS19 - With Ease', 'EH 100 : Y - 06', 'pH. is about creating basic clothing, which are also fashionable in colors. We offered fashion in the form of fluid usage between staying at home lifestyle and more casual formal occasion which required our target group (18-25 Male).', 'catered to the need of more fluid clothing between the new age lifestyles. Staying at home and going out can be fully transformative. With Ease answered to needs and more.', 1, '2018-10-13 13:09:30', NULL),
(18, 'spectacle', 'chat', 'CHAT', 'Chat Design Co., Ltd.', '14 Bangna, Bangna, Bangkok 10260 THAILAND', '+669 2646 2496, +668 2462 5551', 'chatdesignbkk@gmail.com, contact@chatcollection.com', '', 'www.chatcollection.com', 'https://m.facebook.com/CHATjewelry/', 'https://www.google.co.th/url?sa=t&source=web&rct=j&url=https://www.instagram.com/chatjewelry', '@chatjewelry', '', 'SS19 - The Mystic Garden', 'EH 100 : Z - 01', 'The creative jewelry piece by CHATjewelry made of 100% real natural lucky stone, handcrafted jewelry, high quality, stylish and unique', 'The Mystic Garden\nCHAT jewelry brings you to the land of mystery garden. It is the magic of enchanted secret place where imagination has no limits, time has no meaning. Let your imagination flow, cherished at every moment and leave your ordinary life behind.', 1, '2018-10-13 13:09:30', NULL),
(19, 'culture-club', 'batik-de-nara', 'BATIK DE NARA', 'Compas Co., Ltd.', '59/1 Kalapor 3 Rd., Muang, Pattani 94000 THAILAND', '+668 0541 7475', 'batikdenara@gmail.com', '+66 7333 7656', '', 'www.facebook.com/batikdenara', ' www.instagram.com/yah_denara', 'rowiya', '', 'SS19 - A Piece of Art', 'EH 100 : Z - 06', '', '', 1, '2018-10-13 13:09:30', NULL),
(20, 'spectacle', 'six-pm', 'SIX P.M.', 'Creative Design House Co., Ltd.', '449/6 Soi Sawaisuwan, Bangsue, Bangkok, 10800 THAILAND', '+668 9411 2780', 'cdh.co.th@gmail.com', '+66 2911 5959', 'www.sixpmthailand.com', 'www.facebook.com/sixpmthailand', 'https://www.instagram.com/sixpmthailand', '@sixpmthailand', 'https://drive.google.com/open?id=1nBwQe4e-8rhNk497gcWzqD_9sSBWU_TK', 'SS19 - No Connection', 'EH 100 : Y - 04', 'SIX P.M. was founded in Bangkok in 2011 by the founder and Creative Director, Chanchai Suwannachaya(10 Finalist of Vogue Who’s on Next Thailand 2014), to served an alternative style of fashion. The core is to make a luxury and high quality unique streetwear for young professional with creative mindset. The brand\'s ethos came from the analysis of a metropolitan\'s lifestyle, full of stress, competitive but, eager to success. This personally meanwhile needs to keep their inherent identity differed from others. The keyword is to break the rule of perfection by intention to create garments not too perfect. Imperfection beneath the perfection became our brand signature, luxury but disobedience, to offers a balance between a look of creative and luxury.\n\nSIX P.M. creates outfits with sense of creative french style, offering modern look through subtle and oversized silhouette, creative techniques and imperfect details.  The brand launched to serve for young blood professional market, targeting fashion innovators and early fashion adopters who live their life with SIX P.M. as a tool of fashion. SIX P.M. Spring/Summer 2019 collection was inspired by the theme, “How to live without the internet.” In our current society, everything is connected to the internet and technology is advancing faster than ever. Social media is menacing our everyday life slowly, as people can’t live without scrolling through their homepage on Instagram or Facebook. Thus, the presence of social network is replacing real-life interactions and everything is becoming an online illusion. \n\nThis season, the designer’s intention is to reflect our actions, use minimal amount of internet and start interacting with people around you. “No Connection” Spring/Summer ’19 is launching soon. Are you ready for it?\n\nThe colour range is extracted from digital colour tones like Digital green, Bright blue and Highlight yellow. The graphics used are to portray the anti-online movement with a message, “stop using too much internet.” Most pieces have projected an androgynous vibe, which its silhouettes are reworked and irregular. The final touches of each apparel uphold SIX P.M. identity as intricate details like unfinished seams, raw trims, unique paper patterns and imperfect finishing, are always our brand’s signature. ', 'SIX P.M. Spring/Summer 2019 collection was inspired by the theme, “How to live without the internet.” In our current society, everything is connected to the internet and technology is advancing faster than ever. Social media is menacing our everyday life slowly, as people can’t live without scrolling through their homepage on Instagram or Facebook. Thus, the presence of social network is replacing real-life interactions and everything is becoming an online illusion. ', 1, '2018-10-13 13:09:30', NULL),
(21, 'culture-club', 'fa-fon-thai-silk', 'FA FON THAI SILK ', 'Fa Fon Thai Silk Co., Ltd.', '1 Soi Sirijinda, Jompol Rd., Muang, Nakhon Ratchasima 30000 THAILAND', '+668 7713 9417', 'fafonthaisilk@hotmail.com', '+66 4426 7467', 'www.fafonthaisilk.com', 'https://www.facebook.com/fafonthaisilk', 'https://www.instagram.com/fafonthaisilk/', '@fafonthaisilk', 'https://drive.google.com/open?id=1NVmhD6ihSPD6vXwQfTPSx-BzBy5S5Q0o', 'Thai Touch  ', 'EH 100 : Z - 07', '', '', 1, '2018-10-13 13:09:30', NULL),
(22, 'spectacle', 'rich-cast-of-characters', 'RICH CAST OF CHARACTERS', 'Good Deal Support Co., Ltd.', '46/36 Via 31, Sukhumvit 31, Klongton neu, wattana, Bangkok 10110 THAILAND', '+669 9561 6362', 'info@richcastofcharacters.com', '', 'www.richcastofcharacters.com', 'https://www.facebook.com/richcastofcharacters/', 'http://www.instagram.com/richcastofcharacters', '@richcast', 'https://drive.google.com/open?id=1c-XZVefkMtHgzVm2C3t1p_qpYEXrmbNK', 'No-Collection', 'EH 100 : Z - 02', '‘Rich cast of characters’ is a footwear brand label demonstrating a\nlaid-back elegance aesthetic. Founded and led by Bandit Rassameeroj \nand Sonia Piyaphan Boonphen.They are combining their vastly different\naesthetics to push the boundaries of specialty footwear.\n‘Rich cast of characters’ is a combination of masterfully handcrafted,\neclectic use of materials, and a wonderful interplay of tasteful idea.', 'No-Collection', 1, '2018-10-13 13:09:30', NULL),
(23, 'culture-club', 'annette-bangkok', 'ANNETTE BANGKOK', 'Happy Birthday Co., Ltd.', '9/266 Supalai Park 1, Paholyothin 21, Ladyao, Jatujak, Bangkok 10900 THAILAND', '+669 9492 6656', 'annette_bangkok@hotmail.com', '', 'www.annettebangkok.com', 'https://www.facebook.com/Annettebangkok/', 'https://www.instagram.com/annette_bangkok/', '@annettebangkok', 'https://drive.google.com/open?id=1S3KzprOC8Mp0U6EqgiI3DOHVqFN0X4Ra', 'The Radiant of Sino Portuguese', 'EH 100 : X - 04', 'Annette Bangkok offers you selected quality designer outfits at valueable prices for working girls. Everyday is a vacation concept.', 'In spiration Sino Portuguese also known as Chinese Baroque and Straits architecture, is an Asian hybrid architecture style incorporating Chinese and the Portuguese/European architecture styles. The style is traditionally common in wealthy urban centers where Chinese and Malaysia.', 1, '2018-10-13 13:09:30', NULL),
(24, 'sensation', 'surreal-objects', 'SURREAL OBJECTS', 'House of Surreal Co., Ltd.', '759/1 Soi Ramkhamhaeng 111, Huamark, Bangkapi, Bangkok 10240 THAILAND', '+666 2395 6656', 'surrealobjects@gmail.com', '', 'www.surrealobjects.com', ' https://www.facebook.com/surrealobjects', 'https://www.instagram.com/surrealobjects', '@surrealobjects', '', 'Rose Garden', 'EH 100 : X - 14', '', '', 1, '2018-10-13 13:09:30', NULL),
(25, 'elsewhere', 'big-foot', 'BIG FOOT', 'Joe House Co., Ltd.', '98/225-9 Soi Pracha-utit 33 Yaek7, Pracha-utit Rd., Bangmod, Tungkru, Bangkok 10140 THAILAND', '+66 2873 3308', 'joehouseco@yahoo.com', '+66 2873 3309', 'www.bigfootbag.net', 'https://www.facebook.com/BigFootBag/', 'https://www.instagram.com/bigfootbag/', 'fairyka', 'https://drive.google.com/open?id=1kGJ5JM_QZw1Y0s7cokze7vOUY8sI8fPM', 'Bright At First Sight', 'EH 100 : Y -  44, 46', '\" Every  Travel  Has  Story \"\nCraftsmanship In Thailand ', 'Inspired by the blooming of Mustard flower in Kashmir,it’s charming colour is represented to this collection to bring the bright and enjoy moment to your never ending journey.', 1, '2018-10-13 13:09:30', NULL),
(26, 'sanctuary', 'bouton', 'BOUTON', 'Junior Garment International Co., Ltd.', '84 Tiwanon 3, Talat Khwan, Mueang Nonthaburi, Nonthaburi 11000 THAILAND', '+66 2968 8492', 'cslox@juniorgi.com , phloiiisme@gmail.com', '+66 2968 8498', '', 'https://www.facebook.com/Bouton-1543907885902656/', '', '', '', 'Bouton Blue', 'EH 100 : X - 02', 'Aspiring for urban needed lifestyle. An emphasis on simple silhouettes and selective material features organic shapes. Expressing of Biz-Leisure wear with relaxing detail. To become multi-purpose clothing for every moments of the day.', 'The detail of clothes make feeling of Business - Casual. Outdoor working, Co-working space and Outing trip are collection\'s key words that we pleased to represent. Even the collection can bring you to a dinner party or relaxing work space at chic beach - cafe as well.  ', 1, '2018-10-13 13:09:30', NULL),
(27, 'elsewhere', 'lazy-space', 'LAZY • SPACE', 'Khun Jack Ltd., Part.', '278-280 Changmoi Rd, Changmoi, Muang, Chiangmai 50300 THAILAND', '+668 4406 5573', 'lazyspaceCm@gmail.com', '', '', 'https://www.facebook.com/LazyspaceChiangmai/?ref=br_rs', 'https://www.instagram.com/Lazyspace.Chiangmai/', '@lazyspace', 'https://drive.google.com/open?id=14rVjmBG1AX8T4gL54k_hzszJOS_FE4BS', 'SS19 - Vivid', 'EH 100 : Y -  22', '', '', 1, '2018-10-13 13:09:30', NULL),
(28, 'sanctuary', 'kongkiat', 'KONGKIAT', 'Kongkiat Textile Co., Ltd.', '23 Soi Ratburana 44, Ratburana Rd., Bangkok 10140 THAILAND', '+66 2463 0020', 'sales@kongkiat.com', '+66 2463 1914', 'www.kongkiat.com', 'www.facebook.com/kongkiat', 'https://www.instagram.com/kongkiat.official', 'kongkiatstudio', '', 'Thai Eri Silk', 'EH 100 : U -  20', '', '', 1, '2018-10-13 13:09:30', NULL),
(29, 'foot-print', 'phasing', 'PHASING', 'Koon Duck Ltd., Part.', '119/196 PK4, Moomon, Meaung, Udonthani 41000 THAILAND', '+666 1054 5500', 'bd.handicraft55@gmail.com ', '', 'www.phasinghandicraft.websmy.com', 'https://www.facebook.com/profile.php?id=100008950812781', '', '@pasing', 'https://drive.google.com/open?id=1bwwW_st1PnyN5cXHLJ5IVET1_c-BCHCh', 'Pasing', 'EH 100 : Z - 16', 'Causal and Smart', 'Eco', 1, '2018-10-13 13:09:30', NULL),
(30, 'foot-print', 'kramsakon', 'KRAMSAKON', 'Kram Siam Ltd., Part.', '212 Moo 2, Srivicha-taongoi Rd., Huayyang, Muang, Sakolnakhon 47000 THAILAND', '+668 0582 6655', 'ppsakuna@hotmail.com', '', '', 'https://www.facebook.com/KhramSklKramsakon/', '', '@kramsakon', 'https://drive.google.com/open?id=1lKZR6tM8nd7Y8JI43PKuvU4cymCBu17Z', 'Crytal of Indigo', 'EH 100 : Z - 17', 'Natural Indigo Culture', 'Casual , Delicate', 1, '2018-10-13 13:09:30', NULL),
(31, 'elsewhere', 'laiprangcamo', 'LAIPRANGCAMO', 'Laiprang Co., Ltd.', '35 Onnut 36, Suanluang, Bangkok 10250 THAILAND', '+668 6889 5281', 'info@laiprang.com', '', 'www.laiprang.com', '', 'https://www.instagram.com/laiprangcamo.brand/', 'laiprang', 'https://drive.google.com/open?id=1Id1mnF_qoRFwr01emUwfdsU5IisTS7bY', 'Lovepower 2019 -Laiprang', 'EH 100 : Y - 02', 'Loyalty Pride Love Power Look Play', 'Passion with style', 1, '2018-10-13 13:09:30', NULL),
(32, 'culture-club', 'maligood', 'MALIGOOD', 'Maligood Co., Ltd.', '62/1 Moo 3, Nong Wa, Bua Lai, Nakhon Ratchasima 30120 THAILAND', '+668 7871 6611', 'maligood@hotmail.com', '+66 2579 6411', 'www.maligood.com', 'https://www.facebook.com/Maligood', 'https://www.instagram.com/maligood', '@maligood', 'https://drive.google.com/open?id=1JRX28o9ug75EifFrhMD5mVpU0nDwEjeZ', 'SS19 - Mali', 'EH 100 : Z - 09', '', '', 1, '2018-10-13 13:09:30', NULL),
(33, 'sensation', 'marayat', 'MARAYAT', 'Marayat Rose Ltd., Part.', '40/357 Soi Nuanchan14, Nuanchan Rd., Nuanchan, Buang Kum, Bangkok 10230 THAILAND', '+669 9926 2951', 'marayatfashion@gmail.com', '+66 2007 1611', '', 'https://www.facebook.com/marayatfashionkids/', 'http://instagram.com/marayat_fashion_kids', 'hookpookun', '', 'Princess Style', 'EH 100 : AA - 13', '', '', 1, '2018-10-13 13:09:30', NULL),
(34, 'spectacle', 'sport-hiro', 'SPORT HIRO', 'Masahiro Co., Ltd.', '94/187 Moo 4, Suwintawong Rd., Lamphakchi, Nongchok, Bangkok 10530 THAILAND', '+66 2793 0935-6', 'thanatorn2005@gmail.com, thanatorn@mymasahiro.com', '+66 2956 5221', 'www.sporthiro.com', '', '', '891420938', 'https://drive.google.com/open?id=1IWBUock6Y86BZBCr4YAFclo4tWtLj2DQ', 'Angular', 'EH 100 : AA - 15', '\"Sport Hiro \"There are 2 words in the brand. First is Sport.The meaning beside of sport is also be spirit,generous .Second is Hiro. Hiro is Hero.\n\"Sport Hiro \" in depth meaning is a person who has a generous mind and always\nlike to help others. Masahiro would like to see everyone be a Hero. ', 'The angular concept design is full of bold details that help make \nthe otherwise simple silhouettes stand out all the more.\n\nOur new collection inspired by sharper lines, rectangles and a combination of contrasting colors; whether in graphic patterns or in combinations of large and sharply defined colour areas. The fabric is made with \"Cool Mode\" technology that creates light weighted, breathable and eco-friendly sport apparels.\n', 1, '2018-10-13 13:09:30', NULL),
(35, 'sensation', 'moli', 'MOLI', 'Metamorphose Co., Ltd.', '400 1st Floor, Soi Ladprao 101/1 Yak 9, Ladprao Rd., Klongjun, Bangkapi, Bangkok 10240 THAILAND', '+668 2824 6539', 'sales@metamorphosejewelry.com', '+66 2736 1469', '', 'https://www.facebook.com/pearljewelrydesign/', 'https://www.instagram.com/moli_brand/', '@moli_brand', 'https://drive.google.com/open?id=1mmfupXBveXuao6Lrbu9yghYmqCOFDyqz', 'Firework in the Dark 2018', 'EH 100 : W -  40, X -  39', 'Moli is committed to satisfy the desire of customers. We will continue innovate our business to improve customer shopping experience. We will provide new jewelry design made from quality material that are affordable.', 'The Firework in the dark jewelry pieces use pearls to generate sparkling light that showers everyone with beauty and happiness.', 1, '2018-10-13 13:09:30', NULL),
(36, 'sensation', 'myriaddress', 'MYRIADDRESS', 'Myriad Grand Monde Co., Ltd.', '1094/17-19 Phaholyothin Rd., Jomphon, Chatuchak, Bangkok 10160 THAILAND', '+668 1614 0167', 'ayuttagarn@yahoo.com', '', 'www.myriaddress.com', '', '', '', '', '', 'EH 100 : X - 10', '', '', 1, '2018-10-13 13:09:30', NULL),
(37, 'sensation', 'label-31', 'LABEL 31', 'Myth of Sunshine Co., Ltd.', '169/291 Setthasiri (Charan-Pinklao) Charansanitwong Rd., Bangkhunsri, Bangkok Noi, Bangkok 10700 THAILAND', '+669 2289 4165', 'hellolabel31@yahoo.com', '', 'www.label31.com', 'https://www.facebook.com/label31', 'https://www.instagram.com/label31/', '@label31', 'https://drive.google.com/open?id=1f5Hyv8r4m63upb1g9VNcVR5VLl65s_dL', 'AW18 - The Missing Piece', 'EH 100 : X - 18', '', '', 1, '2018-10-13 13:09:30', NULL),
(38, 'foot-print', 'naturalmild-n-shop', 'NATURALMILD\'N SHOP', 'Natural Indigo Ltd., Part.', '44 Moo 5, ThungHong, Mueang Phrae, Phrae 54000 THAILAND', '+669 5526 6252', 'naturalmild.by.nilla@gmail.com', '', '', 'https://www.facebook.com/naturalmild.by.nilla/', 'https://www.instagram.com/naturalmild.by.nilla/?hl=th', '@jzl4594r', 'https://drive.google.com/open?id=17mTwfaH4GS2s-jvw42ePaPBR6MehzWb0', 'SS19', 'EH 100 : Y - 15', 'Natural indigo and all colors by native plants,organic cotton and eco textile.', '', 1, '2018-10-13 13:09:30', NULL),
(39, 'culture-club', 'tie-thai', 'TIE THAI', 'Ngow Leng Uang Co., Ltd.', '246 /1 Phonsri Rd., Makkhang, Muang, Udonthani 41000 THAILAND', '+668 7659 6495', 'benjaporn.tiethai@gmail.com', '', '', 'https://www.facebook.com/tiethaibyhattra', '', '@tiethai', 'https://drive.google.com/open?id=1zWGayZVVbhwsTlZzDb8TFu_p9GNhvHH7', 'Tie Thai 2018', 'EH 100 : Y - 14', 'ไืท้ไทยแฟชั่นผ้าไืทยจากเส้นในธรรมชาติ', '', 1, '2018-10-13 13:09:30', NULL),
(40, 'culture-club', 'nodething', 'NODETHING', 'Nodeting Co., Ltd.', '15 Moo 4, Chathing Phra, Sathing Phra, SongKhla 90190 THAILAND', '+668 1609 2863', 'nodething@gmail.com', '', 'www.nodething.com', 'https://www.facebook.com/Nodething-442450562459007/', '', '816092863', 'https://drive.google.com/open?id=1qbvbwCsOP416HO-QwHoJnSROSm7DkrhH', 'Palm Fiber Bags', 'EH 100 : AA - 05', 'Nodething', '', 1, '2018-10-13 13:09:30', NULL),
(41, 'sanctuary', 'chosita', 'CHOSITA', 'Nuno Project Co., Ltd.', '514 Moo14, Yuwa, Sanpatong, Chiangmai 50120 THAILAND', '+66 5335 5081', 'ecoto2013@gmail.com', '+66 5335 5081', 'www.chosita.net', 'https://www.facebook.com/ECOTO.th', 'https://www.instagram.com/chosita_m/', 'chositacm.line', 'https://drive.google.com/open?id=12-9cY9Loe7oUbczXK-9T4NyMHBxatS-H', 'AW18 ', 'EH 100 : Z - 18', '', '', 1, '2018-10-13 13:09:30', NULL),
(42, 'culture-club', 'oriental-motifs', 'ORIENTAL MOTIFS', 'Oriental Motifs Co., Ltd.', '36 Moo1, Rachaveethee Soi 9, Mueang, Nakhon Pathom 73000 THAILAND', '+668 1830 2830', 'oriental_Motifs@hotmail.com', '+66 3425 2301', '', 'https://www.facebook.com/OrientalMotifsProduct/', '', 'sumalee.th', 'https://drive.google.com/open?id=1yKJe9_TZD-DRrDOYfTpMfgyjia-nkYwr', 'Tawaravadee Collection Bag', 'EH 100 : AA - 07', 'Prenium quality of fabrics,various materials as silk, sequins,embroidery,natural material,wicker,tinsel.With gorgous designed bags,clutch&purses.lnducate your own characteristics becom more and more outstandung in every moments,be proud by Oriental Motifs.', 'Tawaravadee collection bag,lady\'s bag made from pandanus wicker and tinsel.', 1, '2018-10-13 13:09:30', NULL),
(43, 'spectacle', 'oyster-footwear', 'OYSTER FOOTWEAR', 'Oyster & Co Co., Ltd.', '21 Lasalle 3, Sukhumvit Rd., Bangna, Bangkok 10260 THAILAND', '+669 8324 5663', 'i.am@oysterfootwear.com', '', 'www.oysterfootwear.com', 'https://www.facebook.com/oysterfootwear', ' https://www.instagram.com/oysterfootwear', '@oysterfootwear', 'https://drive.google.com/open?id=18aQZIc81eFiyJwXIhCUS2XJmHbys7igd', 'Reflection', 'EH 101 : EE -  43', '', '', 1, '2018-10-13 13:09:30', NULL),
(44, 'spectacle', 'blue-bear', 'BLUE BEAR', 'Paladin Workwear Co., Ltd.', '26/55 Chan Space Building, 2FL., Nanglinchi Rd., Thoongmahamek, Sathorn, Bangkok 10120 THAILAND', '+668 1867 7529', 'panida.h@bluebearuniform.com', '+66 2050 5994', 'www.bluebearuniform.com', 'https://www.facebook.com/bluebear_uniform', 'https://www.instagram.com/bluebear_uniform/', '@bluebear_uniform', 'https://drive.google.com/open?id=1YzMnOqxzFa7Jp7_EBw5F41okyg7Y-1rF', 'Blue Bear Sport & Casual ', 'EH 98 : F -  49, 51', 'Blue Bear', 'ชุดกีฬาที่สวมใส่ได้ทุกเพศ ทุกวัย เน้นความเรียบง่าย เนื้อผ้ามี คุณสมบัติ Mouiture Management ระบายน้ำ ระบายเหงื่อได้ดี มีความยืดหยุ่นสูง ง่ายต่อการเคลื่อนไหว เหมาะสมกับการออกกำลังกายทุกประเภท เช่น ฟุตบอล ฟิตเนส วิ่ง ปั่นจักรยาน รวมถึง กิจกรรมอื่นๆ', 1, '2018-10-13 13:09:30', NULL),
(45, 'spectacle', 'foxpixel', 'FOXPIXEL', 'Patphapon Co., Ltd.', '230/69 Nakniwat Rd., Latphrao, Latphrao Bangkok 10230 THAILAND', '+66 2077 9516', 'foxpixelbypaulb@gmail.com', '', '', 'https://www.facebook.com/foxpixel', 'https://www.instagram.com/foxpixel', 'foxpixel', 'https://drive.google.com/open?id=1XVMURWKWXlFWX8z6pz6E3PuokxFyaxOb', 'Panda', 'EH 100 : Y - 07', 'OUR BRAND CHARACTERISTIC ARE THE YOUNGSTER WHO CIRCUMSTANCE WHICH CREATIVITY AND ATTITUDE. BEING SO BOYISH ', 'NEW FRIEND CORRECTOR', 1, '2018-10-13 13:09:30', NULL),
(46, 'spectacle', 'pattric-boyle', 'PATTRIC BOYLE ', 'Paul B Clothing Ltd., Part.', '230/69 Naknivas Rd, Ladprao, Ladprao, Bangkok 10230 THAILAND', '+669 2654 5464', 'pattricboyle@hotmail.com', '', '', 'Https://www.facebook.com/Pattricboyle ', 'Https://www.instagram.com/Pattricboyle ', '', '', 'The Hunt of the Unicorn ', 'EH 100 : Y - 05', 'The most sophisticated ambitious individuals senses of style.', 'Inspired from the unicorn tapestries, is one of the most famous and spectacular but enigmatic survivals of the late Middle ages. This series of seven tapestries now in the cloisters in New York was possibly made in Paris at the turn of the sixteenth century.', 1, '2018-10-13 13:09:30', NULL),
(47, 'sensation', 'sasi', 'SASI', 'Perri Luxe Co., Ltd.', '77/776 Moo 1, Tumbol Banmai, Umper Parkkred, Nonthaburi 11120 THAILAND', '+668 1587 3635', 'bysasithailand@gmail.com', '', 'www.sasiofficial.com', 'https://www.facebook.com/bysasithailand/', 'https://www.instagram.com/bysasi/', '@sasibrand', 'https://drive.google.com/open?id=1FX_B_qDrAR1gzy0gPbOaLo3ScD6lfuhA', 'SS19 - Begin Again', 'EH 100 : X - 08', '', 'We are now living in a world surrounded by social medias and technologies. Our world gets busier and everyone seems to lose themselves in it. Everybody tries hard to be part of it and even harder to blended in which causing stresses and tensions. Just like everybody else, this girl, our girl, she doesn\'t know what to do as if she lost her identity to social world. She feels empty and at the same time, lonely and despair. So she decided to ran away from the virtual world and begin again with her new life where she can be bright and fun.', 1, '2018-10-13 13:09:30', NULL),
(48, 'elsewhere', 'capthai', 'CAPTHAI', 'Phornthip Sports Wear Co.,Ltd.', '264 Soi Bangkadee 25, Samaedum, Bangkhuntain, Bangkok 10150 THAILAND', '+66 2452 2095', 'capthai@live.com', '+66 2452 1578', 'www.capthai.com', 'http://www.facebook.com/thecapthai', 'http://www.instagram.com/thecapthai', '@thecapthai', 'https://drive.google.com/open?id=1_sgJtaJxsKuczP3kXSEqc5Kx5f9yaXKt', 'Sahara', 'EH 100 : U -  40, V -  39', 'No.1 UV Hats that make people \"Enjoy life under sunshine\"', 'Bring the sense of Sahara Desert for you to enjoy life under sunshine with the print of sand mountain wave & an archaeologist hat shape.', 1, '2018-10-13 13:09:30', NULL),
(49, 'foot-print', 'piankusol', 'PIANKUSOL', 'Piankusol Silk & Cotton Co., Ltd.', '56/3 Moo 3, Sanklang, Sankampaeng, Chiang Mai 50130 THAILAND', '+668 3915 9978', 'piankusol@yahoo.com', '+66 5333 8034', 'www.piankusolsilk.com', 'https://www.facebook.com/piankusol', '', '839159978', 'https://drive.google.com/open?id=14MvrhxmzPbnoqJtVOYleu27by1NXokK_', 'SS19 - Preeme', 'EH 100 : Z - 05', 'PIANKUSOL, with its more than 200 years experience the Thai Silk industry of the northern Thai handicraft capital, provides only highest quality silk yarn and fabric for fashion, garments, uphosteries and accessories products at Chiang Mai, Thailand.  Our 100% handmade silk fabric, facial and body towels, loungewear and brassieres are hand woven using hand spinning yarn from mulberry cocoons.These yellow mulberry cocoons are produced in Chiang Mai and the northern part of Thailand. From our researches, using mulberry silk products mentioned above not only benefits health, sanitation and safety through touching the natural mulberry silk fiber, but these products are also able to inhibit the bacteria causing skin diseases and provide antioxidants from the silk fiber.', 'PREEME collection by Piankusol for spring and summer 2019, has launched a new eco-friendly & elegant silk product lines under the PREEME label. PREEME collection, save the earth with style and elegance, offer uniquely beautiful designs with soft and delicate texture in its smart green silk fabric and products. These fabrics are suitable for clothing in easy wear style, comfortable and very light of our organic silk fabric. Dresses and jackets are made by our varieties of silk fabric which made from 100% natural silk yarn, colored with organic natural dyed from plants and herb, in pastel colors, free from pesticides and heavy chemicals range from young and senior\'s wear, brassieres, underwear to silk towel and silk blanket.', 1, '2018-10-13 13:09:30', NULL),
(50, 'culture-club', 'ritimian', 'RITIMIAN', 'Pra Tara Plerng Pai Torranee Co., Ltd.', '99/189 Gusto Townhome Suksawat 26, Soi Phutthabucha 39 lane, off 1 Bang Mot, Thung Khru, Bangkok 10140 THAILAND (office)\n\n379 Moo 12, Bueng Khong Long, Bueng Khong Long, Bueng Kan, 38220 THAILAND (Workshop)', '+668 6444 8608', 'pratara.ritimian.sibed@gmail.com', '', '', 'https://www.facebook.com/ritimian/', 'https://www.instagram.com/ritimian/', 'ritimianbrand', 'https://drive.google.com/open?id=1KB67CjDyB8N5BA4wrLwGN5gWzC0AFRZY', 'SS19 - Power of Colors', 'EH 100 : Z - 04', 'Origin of inspiration \n\nWe are proud to present the contemporary culture of two lands along Khong river belief by redesigning sinh’s traditional serpent pattern. Elaborating story through contemporary clothing design structure, the product is appropriate for any occasions.\n\nInspired by Khong river’s art and local belief, historical embroidery pattern is crafted.\n\nDetermining to contribute to the environmental friendly agenda at most, we ferment natural color from Assam indigo to create the most accurate color, and consecutively dye fabrics to make patterns. Embroidery handcrafted technique on 100% cotton is involved.\n\nRitimian’s handcrafted clothing also supports local business.\n\n\nInspiration detail\n\nเราภูมิใจนำเสนองานวัฒนธรรมร่วมสมัย ความเชื่อสองฝั่งแม่น้ำโขง โดยการนำลวดลายพญานาคจากผ้าซิ่นมาออกแบบใหม่ นำลวดลายพญานาคมาเล่าใหม่ภายใต้โครงสร้างเสื้อผ้าร่วมสมัย เหมาะแก่การสวมใส่ทุกโอกาส\n\nเราได้แรงบันดาลใจจากศิลปะและความเชื่อพื้นถิ่นแถบแม่น้ำโขง ปรากฎเป็นลวดลายปักบนเสื้อผ้า\n\nเราใช้สีธรรมชาติที่ได้จากต้นฮ่อมเพื่อหมักย้อมจนได้สีตามต้องการ และนำผ้าที่ได้มากัดสีออกให้เกิดเป็นลวดลาย เพื่อต้องการเป็นมิตรกับสิ่งแวดล้อมให้มากที่สุด และใช้เทคนิคงานปักมือให้เกิดลวดลายบนผ้าฝ้าย 100%\n\nงานฝีมือบนเสื้อผ้าของ ritimian คือการส่งเสริมรายได้ให้เกิดในชุมชน', 'Power of colors, Use your power\n\nColor and Light, the two materials in nature only inspires so much energy and eclectic inspiration. The shade of sunset shining upon the blue water or how cool and warm water coexists in the same scenario, therefore, defines inspiration and power of nature.\n\nWe all have power. We are all creative. It triggers us to pick out the power of the nature and create something new which seems contradictory to the common sense. Warm and cool color, somehow, Strang and but anyhow exquisite.\n\nOur product derives from the greatest 80s fashion trends working in real-deal Indigo denim dyeing. There are all made from simple natural color and materials with magnificent embroidered by Ritimian. \n\nแสงและสี ทำให้เกิดพลังและแรงบันดาลใจ แสงและสีของธรรมชาติอยู่คู่กันมานาน สีของแดดยามเย็นบนผืนน้ำสีฟ้า สีโทนร้อนกับสีโทนเย็นอยู่ร่วมกันได้อย่างสมดุล จึงเป็นแรงบันดาลใจและพลังที่มีอยู่ในธรรมชาติ \n\nมนุษย์มีพลังอยู่ในตน พลังที่ว่าก็คือการสร้างสรรค์ เราจึงหยิบใช้พลังจากธรรมชาติมาสร้างสรรค์ใหม่ สองสิ่งที่เหมือนขัดแย้งกันแต่ความจริงแล้วแยกจากกันไม่ได้ สีโทนร้อนกับโทนเย็น ความแข็งแกร่งและอ่อนช้อย\n\nเราเลือกใช้โครงสร้างเสื้อผ้าของปลายยุค 80s เพื่อนำเสนอในรูปแบบผ้าม่อฮ้อมย้อมยีนส์ พร้อมงานปักอัตลักษณ์ของ ritimian ', 1, '2018-10-13 13:09:30', NULL),
(51, 'sensation', 'primmeegirl', 'PRIMMEEGIRL', 'Primmee Happiness Co., Ltd.', '305/123  Soi Pichai, Pichai Rd., Dusit, Bangkok 10300 THAILAND', '+669 4292 6356', 'primmeegirl@yahoo.com', '+66 6669 5132', 'www.primmeegirl.com', 'https://www.facebook.com/primmeegirl', 'https://www.instagram.com/primmeegirl/', '@primmeegirl', 'https://drive.google.com/open?id=15QE4oJRTidKvBkfsyfOlzlMC72DLoJjL', 'Prim Cute', 'EH 100 : AA - 17', 'Cute Dress for  baby and girls 2-8 years ', '', 1, '2018-10-13 13:09:30', NULL),
(52, 'spectacle', 'pyra', 'PYRA', 'Pyra Design Co., Ltd.', '90/1016 Moo5 Soi Tha-It, Rattanathibate Rd., Tha-It, Pakkret, Nonthaburi 11120 THAILAND', '+666 1669 4466', 'pyradesign.th@gmail.com', '', 'www.pyrabag.com', 'www.facebook.com/pyrabag', 'www.instagram.com/pyra_bag/', '@pyrabag', 'https://drive.google.com/open?id=1w3W71nCVcb42z4QK-4ViX_J56dtv72l5', 'SS19 Friendship Experience', 'EH 100 : AA -  56', 'Creative luxury bag with transformative geometric design. We are storyteller of your experience who serve creative lifestyle, uniqueness and happiness.', '', 1, '2018-10-13 13:09:30', NULL),
(53, 'foot-print', 'ananas', 'ANANAS', 'Rak Banrao Songkhla Ltd., Part.', '79/17 Soi 5, Amphawan Rd., Moo 3, Khlong Hae, Hat Yai, Songkhla 90110 THAILAND', '+668 0224 1645', 'pteyakr2513@gmail.com', '', '', '', '', '', '', 'Premium Eco Material ', 'EH 100 : Z - 03', '', '', 1, '2018-10-13 13:09:30', NULL),
(54, 'elsewhere', 'eleganza', 'ELEGANZA', 'Ring Co., Ltd.', '493/2 Soi Navamintr 24, Navamintr Rd., Klongkum, Bungkum, Bangkok 10240 THAILAND', '+66 2379 3072 # 134', 'sale@eleganza-co.com', '+66 2731 6315', 'www.eleganza-co.com', 'https://facebook.com/EleganzaBag', 'https://www.instagram.com/eleganzalife/', '', 'https://drive.google.com/open?id=1lyj43-OjkK8xtRSUVwDbv2Rbn7soDhAR', 'SS19', 'EH 101 : CC -  43, 45', 'Ring Company Limited is a Manufacturer and Exporter of Fashion and Classic Ladies Handbags,Wallets,Key Holders and other small leather goods.\n\n        “ Ring ”  offers the customers only the touch of high class quality leather products with the modern stylish design from the finest materials which we use from market and import from the overseas with the intention of producing the attractive, elaborate and quality leather goods.\n', 'Spring/ Summer 2019 Collection(114 Mipel2018)/Style2018\n\nEleganza SS 2019 features warm colours with an underlying lightness, which makes them feel richer and more luxurious. Earthy tones anchor the palette, ranging from the luminous yellow of Marigold to the tan brown of Roasted Pecan and the deeper hues of Iron Red and Wild Aubergine and these are offset by leafy and aquatic tones such as Rubber Plant, Filtered Aqua and Deep Water Navy.\n        These are colours that feel familiar,comforting and connecting, offering broad appeal acrossmarkets and categories.\n        The need to re-establish what local means to global economies and invest in community-driven creative collaborations underpins this essential and responsible direction. Inspiration comes from local but globally hit story, naturally sourced materials, heritage craft and time-proven techniques, which are made relevant with a modern twist.\n', 1, '2018-10-13 13:09:30', NULL),
(55, 'spectacle', 'triple-p-paphonphat', 'T R I P L E - P  PAPHONPHAT', 'S.T. Sea Star Leather Co., Ltd.', '44/48 Moo 11, Bangkhuntian, Chomthong, Bangkok 10150 THAILAND', '+668 5486 5885', 'triple.p.bag@gmail.com', '', '', 'https://www.facebook.com/triple.p.bag', 'https://www.instagram.com/triple.p.bag/', '@mdg3428b', 'https://drive.google.com/open?id=1vf1Yqp31pX3URT1pKRyRsJjEQJK7vOn-', 'SS19 - Arrow II', 'EH 100 : AA -  43, 45', 'T R I P L E - P  PAPHONPHAT  was founded with a vision to empower women to express themselves freely through fashion. The brand pushes the creative of handbag by modern graphic fashion that to make women look differently. \nT R I P L E - P  PAPHONPHAT was accessories brand name from Thailand. The Brand designed and produced products from exotic leather (main stingray leather). They use very special technical to mix stingray and cow leather in geometric graphic style. These is our Identity design of brand to made new look of Stingray hand bag \n     T R I P L E - P  PAPHONPHAT launched on 2016 .We have small shop Bangkok. And we sale product almost in online shop.\n', 'ARROW II Collection is continue collection from ARROW I in AW2018 Collection. This collection use our logo signature to make shape of bag. That is look so stronger and difference from another bag. All bag in this collection have special function.', 1, '2018-10-13 13:09:30', NULL),
(56, 'elsewhere', 'ador-n-adorn', 'ADOR N ADORN', 'Sabai-D Design Studio Co., Ltd.', '164 Sukhonthasawat Rd., Lat Phrao, Bangkok 10230 THAILAND', '+666 1929 9225', 'sabai_design@yahoo.com', '+66 2907 7409', '', 'https://www.facebook.com/ador.n.adorn.jewelry', 'https://www.instagram.com/ador.n_adorn', 'ador.n_adorn', 'https://drive.google.com/open?id=1LVa1yBitLrFhB0_lRO8Cthe3ULGhS_sR', 'SS19 - The Faith', 'EH 104 : UU -  39, 41, 43', 'In 2015,We had a new fun and exciting project of jewelry design, From the smell project became our proud brand “ADORE’S”\nAdore\'s was founded by two Thai designers,  Paramet Saentaweesuk  and Hasphong Luenloy.\nAdore\'s would like to combine between fine jewelry and fashion. We would talk about the \"Voyage\"\nto discover tribal art and cultures from many places around the world , and use them to inspire our designs for each collection which would bring us and fans of Adore\'s to travel from places to places through our designs.\n', 'This collection,we would bring everybody to travel and explore the spirit of Morocco. The Morocco art,culture and architecture such as the form of exotic roof,delicate pattern on the wall and openings,the shadow on the marble and tiled Floor,and the sky. Everything is our inspiration of this collection telling through the shape,line,materials such as pink gold and opal-the exotic stone which has the combination of milky white,sky blue and amber. both materials represent to sunset and sunrise. This collection concept was delivered to our jewelry in the style,we called \"METribe\"by \"Ador.N Adorn', 1, '2018-10-13 13:09:30', NULL),
(57, 'spectacle', 'simonssister', 'SIMONSSISTER', 'Simonssister Co.,Ltd.', '22/77 Jwgrandta-ra Samwa Rd., Minburi, Bangkok 10510 THAILAND', '+668 9742 6669', 'meladacharonying@gmail.com', '', '', 'www.facebook.com/houseofsimonssister', 'www.instagram.com/simonssisterofficial', 'meladacharonying', '', 'SS19-What is art? What is beauty?', 'EH 100 : X - 16', 'Founded by Miss Melada Ch. and Mr. Chatuphon P. creates the ordinary extraordinary the street-resort wear base in Thailand in 2011.Our collections have a relaxed feel,craftsmanship and and creativity in speacially prints.All print made by our original panting creates by the founder themselves.', 'What is art? What is beauty?....', 1, '2018-10-13 13:09:30', NULL),
(58, 'sensation', 'sirintra', 'SIRINTRA', 'Sirintra Group Ltd., Part.', '4/2 Rangnam Rd., Thanon Phayathai, Ratchathewi, Bangkok 10400 THAILAND', '+668 6008 8093', 'sirintra.a@gmail.com', '+66 2640 1211', 'www.sirintrabkk.com', 'https://m.facebook.com/sirintrabrand/', 'https://www.instagram.com/sirintra_brand/', '@sirintrabrand', '', 'SS19 - Gracie in Spring', 'EH 100 : X - 06', 'Contemporary womenswear, ready to wear, made to measure', 'Our latest collection, “Gracie in Spring”, is inspired by the natural beauty and unique combination of an individual bouquet that is well represented a young lady named, “Gracie”.  She has a lively, elegant, and charming personality that magically spells anyone who catches an eye on her.', 1, '2018-10-13 13:09:30', NULL),
(59, 'foot-print', 'jutatip', 'JUTATIP', 'Skj Design Ltd., Part.', 'PO.41 Khon Kaen 40000 THAILAND', '+669 9056 4199', 'jutatip4u@gmail.com', '+66 4322 1151', 'www.jutatip.com', 'https://www.facebook.com/Jutatip-1640203466199479/', 'https://www.instagram.com/jutatip4u/', '990564199', '', 'Autumn', 'EH 100 : U -  52', 'HAND-WOVEN COTTON FABRIC,NATURAL DYES', 'การหยิบเอาความอบอุ่นในเส้นฝ้าย มาออกแบบเคร่องนุ่งห่ม ที่เหมาะกับคนที่ใส่ใจในทุกรายละเอียดของความเป็นธรรมชาติ ออกแบบเน้นการสวมใส่ที่สบาย ง่าย แต่ไม่ลืมความหวานจากดีเทลเล็กๆน้อยๆ และการมีส่วนร่วมในการส่วมใส่ระหว่างดีไซน์เนอร์และผู้สวมใส่ การสวมใส่เล็กๆน้อยๆ เช่น การผูกโบว์ เหมาะที่จะ ทำให้วันที่กำลังจะหนาวเย็นเป็นวันที่พิเศษ', 1, '2018-10-13 13:09:30', NULL),
(60, 'spectacle', 'saamu', 'SAAMU', 'Smith Garment Factory Co., Ltd.', '9 Chokchai 4 Soi14, Junction 1, Ladprao, Bangkok 10230 THAILAND', '+668 0224 4422', 'info@smithgarment.com', '+66 2047 6077', 'www.saa-mu.com', 'https://www.facebook.com/saamubrand/', 'https://www.instagram.com/saamubrand/', '@saamubrand', 'https://drive.google.com/open?id=1Dc-a2mQTOKlBDatp-twlcbynq-cKeKHZ', 'Capsule 2019', 'EH 100 : Y - 17', 'JOYFULNESS, MULTICULTURALISM, TWISTED EXPLORATION DESIGN', 'FREE YOUR VIVID SPIRIT', 1, '2018-10-13 13:09:30', NULL),
(61, 'spectacle', 'swan-thailand', 'SWAN (THAILAND)', 'Smithi Jewelry Co., Ltd.', '64/33 Soi Charoenkrung 42/1, Bangruk, Bangkok 10500 THAILAND', '+668 1695 5555', 'theswanthailand@gmail.com', '', 'www.theswanthailand.com', 'www.facebook.com/swanthailand', 'www.instagram.com/swanthailand', 'ferngern', 'https://drive.google.com/open?id=1nXdByBlDhvrvdyzj2Gbb67i3vQJNYhoL', 'The Dance of Light and Shade', 'EH 100 : V -  36, 38, 40', '', 'Inspired by the essence of light and shadow. \nUsing geometric silhouette which has spirit that classic and edgy. ', 1, '2018-10-13 13:09:30', NULL),
(62, 'sensation', 'sri-putri', 'SRI PUTRI', 'Sriputri Ltd.,Part.', '58 Pi-Pit-Pak-Dee Rd., Saying, Muang Yala, Yala 95000 THAILAND', '+667 3240 991', 'bawalsriputri@gmail.com', '+66 7324 0221', 'www.bawalsriputri.com', 'https://www.facebook.com/profile.php?id=100008472408592', 'http://www.instagram.com/sriputri123/', 'kamaleeyah', '', 'SS19', 'EH 100 : Z - 08', '', '', 1, '2018-10-13 13:09:30', NULL);
INSERT INTO `brand` (`id`, `category`, `slug`, `name`, `company_name`, `contact_address`, `tel`, `email`, `fax`, `website`, `facebook`, `ig`, `line`, `logo`, `collection_name`, `booth_no`, `about_brand`, `about_collection`, `status`, `created_at`, `updated_at`) VALUES
(63, 'spectacle', 'starlight-uniform', 'STARLIGHT UNIFORM', 'Starlight Uniform Co., Ltd.', 'Gp House Building 71 Sab Rd., Sipraya, Bangruk, Bangkok 10500 THAILAND', '+668 8541 3514', 'info@starlightuniform.com', '', 'www.starlightuniform.com', 'https://www.facebook.com/StarlightUniformSL/', '', '@starlight.uniform', 'https://drive.google.com/open?id=1s-t9bySfE5CMqhg4FMmwJKjB3bHrXqn9', 'AW19 - Starlight Uniform', 'EH 100 : Z -  25, 27, 29', 'We deliver the best product at the best price. Our research and development in fabric technology and cutting-edge production process is key part of our success. We are non-stop in delivering the best value for our partners', '', 1, '2018-10-13 13:09:30', NULL),
(64, 'sanctuary', 'bluetale', 'BLUETALE', 'Thai Cotton & Silk (2005) Co., Ltd.', '527/260 Assavamit, Muang, Udonthani 41000 THAILAND', '+666 1824 1868', 'bluetalestudio@gmail.com', '+66 4224 5001', '', 'https://www.facebook.com/Bluetale-Thailand-537499856591718/', 'https://www.instagram.com/bluetalestudio/', '@bluetale', '', 'SS19- Ordinary Is', 'EH 100 : Y - 09', 'Handwoven with natural dye.', '', 1, '2018-10-13 13:09:30', NULL),
(65, 'sensation', 'thanapaisal', 'THANAPAISAL ', 'Thanapaisal  ROP.', '218 Moo 1, Bangpoo Mai, Muang, Samutprakan 10280 THAILAND', '+66 2323 1585', 'wann_suksrisai@hotmail.com', '+66 2323 1556', 'www.thanapaisal.com', '', '', 'thanapaisalbd', '', 'SS19', 'EH 99 : T -  12, 14', '', 'Spring Summer', 1, '2018-10-13 13:09:30', NULL),
(66, 'spectacle', 'black-sugar', 'BLACK SUGAR', 'Thanisorn A.Form Co.,Ltd.', '7,9,11,13 Raminthra14, Tharaeng, Bangkhen, Bangkok 10230', '+66 2943 8088', 'contact@blacksugar.co.th', '', 'www.blacksugar.co.th', 'https://www.facebook.com/blacksugarbrand', 'https://www.instagram.com/blacksugarbrand/', '@blacksugar', 'https://drive.google.com/open?id=1Kcv_NAaUyk7yOjQ0gFgtpuwF1GOV8-ow', 'Reconstruct', 'EH 104 : XX -  55, 56', '', '', 1, '2018-10-13 13:09:30', NULL),
(67, 'spectacle', 'zabede', 'ZABEDE', 'The Best Creation Co., Ltd.', '114 Soi Onnut 29, Suonloung, Bangkok 10250 THAILAND', '+668 6548 4111', 'exp.zabede@gmail.com', '', '', 'https://www.facebook.com/zabedehijab/', 'https://www.instagram.com/zabede_original', '@zabede', '', 'Street Arts', 'EH 100 : Z - 10', 'Passion from art and craft create innovation craft and fun with unique technique hand painting and embroidery developing to modern modest style and casual unique clothes for every one', 'Muslim swimwear , hoody hijab jacket ,hijab sport and accessories ', 1, '2018-10-13 13:09:30', NULL),
(68, 'elsewhere', 'ton-n-tum-design', 'TON & TUM DESIGN', 'Ton & Tum Design Co., Ltd.', '111/4  Moo 10, Baan Umong, Suthep, Muang, Chiangmai  50200 THAILAND', '+669 9239 3536', 'worrawichtum@gmail.com', '+66 5381 0749', '', '', '', 'worrawich36045', 'https://drive.google.com/open?id=13hUt1pZrj00U0KfMcPTc4zjb6E3zDwWG', 'Ready to Wear 2019', 'EH 100 : Z - 13', '', '', 1, '2018-10-13 13:09:30', NULL),
(69, 'sensation', 'xotique', 'XOTIQUE', 'Xotique Co., Ltd.', '7 Soi Praseadmanukij 29/7, Praseadmanukij Rd., Charakabua, Ladproa, Bangkok 10230 THAILAND', '+668 7997 5577', 'xotiqueofficial@gmail.com', '+66 2536 3541', 'www.xotiquebag.com', 'https://www.facebook.com/xotiqueofficial/', 'https://www.instagram.com/xotique_bag/ ', '@xotiquebag', 'https://drive.google.com/open?id=11iQsi_ySJu47fatpOn668Ll8felzRzls', 'Super Doubleflap', 'EH 100 : AA - 09', 'Mr. Ard-Ong and his wife, Mrs. Jiratchaya Winyoopradist started Xotique Brand together. Mrs. Jiratchaya although not graduated from a design school, but her passion in designs was second to none, and she has a dream of making a brand like none other. With expertise of high detailed production and craftsmanship and strong passion in design, Xotique was established focusing on the use of high quality materials, highly detailed craftsmanship, and distinguished designs which are practical can be used daily.', ' Inspired for working woman who need to carry many belongings to work without their private cars. We want them to have the new everyday IT bags which they can put everything in. The Super Doubleflap is very light and stylish.', 1, '2018-10-13 13:09:30', NULL),
(70, 'elsewhere', 'yodyoko', 'YODYOKO', 'Yodyokostudio Ltd., Part.', '74/163  Moo 4, Thapha, Banpong, Ratchaburi 70110 THAILAND', '+668 4160 2101', 'yodyokostudio@gmail.com', '', 'www.yodyoko.com', 'https://www.facebook.com/yodyokoshop/', 'https://www.instagram.com/yodyoko_shop/', 'yodyokostudio', 'https://drive.google.com/open?id=1EcaVrKIvgo0oy5qcaN2zU5-UL7UlixXG', 'SS19 - Vase of Picasso', 'EH 100 : X -  28, 30', '\"contemporary  simple  artsy  craft\"', 'this collection inspired by Pablo Picasso \'s vase , ceramic art work .\n \"Strong but fragile\" is the key word in design. This is an experiment of the pattern , colour  and texture on  natural fabric using the technique of drawing and  painting  the pattern of the Picasso  ceramic art work also  Mixed with metallic color The feeling of hardness. Blended with fine silk crepe and light organza silk. The effect is interesting, each set is a pattern of all hands.To be unique', 1, '2018-10-13 13:09:30', NULL),
(71, 'elsewhere', 'urbanice', 'URBANICE', 'Young Original Group Co., Ltd.', '3 Bang Bon 1 Soi 21, Bang Bon, Bang Bon, Bangkok 10150 THAILAND', '+669 1101 2522', 'pro_guitar@hotmail.com', '', '', '', '', '', 'https://drive.google.com/open?id=1059vjnOzNGHDEEAdC-pXbSf1dch8OHfW', 'Urbanice Travel', 'EH 100 : AA - 03', '', '', 1, '2018-10-13 13:09:30', NULL);

-- --------------------------------------------------------

--
-- Table structure for table `category`
--

CREATE TABLE `category` (
  `slug` varchar(191) COLLATE utf8mb4_unicode_ci NOT NULL,
  `name` varchar(255) COLLATE utf8mb4_unicode_ci NOT NULL,
  `target` varchar(255) COLLATE utf8mb4_unicode_ci DEFAULT NULL,
  `category` varchar(255) COLLATE utf8mb4_unicode_ci DEFAULT NULL,
  `theme` varchar(255) COLLATE utf8mb4_unicode_ci DEFAULT NULL,
  `inspiration` text COLLATE utf8mb4_unicode_ci,
  `status` tinyint(1) NOT NULL DEFAULT '1',
  `created_at` timestamp NULL DEFAULT NULL,
  `updated_at` timestamp NULL DEFAULT NULL
) ENGINE=InnoDB DEFAULT CHARSET=utf8mb4 COLLATE=utf8mb4_unicode_ci;

--
-- Dumping data for table `category`
--

INSERT INTO `category` (`slug`, `name`, `target`, `category`, `theme`, `inspiration`, `status`, `created_at`, `updated_at`) VALUES
('culture-club', 'Culture Club', '', 'Romantic + Craft + Bohemian', '', 'Culture Club offers a layered approach in terms of design details and cultural references. Craft is fused with pattern cutting and cross-cultural details are key. Romantic and bohemian styles are elevated with a focus on refined fabrics, raw-edge layering, intricate embellishment, hand embroidery, hand painted and surface texture. Textured fabrics and eclectic embellishments are particularly important. The color scheme is an upbeat palette, highly pigmented, indigo blue anchor the palette. Hand-crafted woven fabrics feature delightfully naive constructions, mix blends of silk, cotton, linen and hemp with extravagantly handspun boucle yarns. The plunged maxi-dress has a lean, elegant silhouette and works as a great spring piece with the addition of short sleeves. A boxy cropped top creating a rounded silhouette. Japanese influences are key for occasion wear and beach-to-bar looks, creating a style that feels both glamorous and exotic.', 1, '2018-10-13 13:09:30', NULL),
('elsewhere', 'Elsewhere', '', 'Ethnic + Leisure + Active', '', 'Elsewhere refers to somewhere in the world. Clothes for travelers and outdoor activities are the prime focus. Designers are obsessed with clothes that fit and appropriate for either athletic or leisure blended with ethnic. Exploring the versatility of the palette, turquoise pairs with bold brown in contrast to the plum red. Wide square-cut sleeves make this item feel more masculine and active. The classic, sporty polo is updated with a collar, opening detail, cuffs and flap pocket detail in leather. Dropped shoulders give way to lazy sleeves and cuffed wrists. Add utility pockets to the front for a nod to military styling. Layering and textured surfaces are key, with knitted rib stitches become chunkier, making a subtle statement.', 1, '2018-10-13 13:09:30', NULL),
('foot-print', 'Foot Print', '', '', '', 'Foot Print brings nature back to consumers. The movement toward more natural, chemical-free, ethically-made products is becoming more and more widespread. Materials are not only natural but exotic and rare. Thai silk and cotton are blended with local fibers such as hemp, pineapple, kapok. Relax shape and loose cut pattern give comfort, while the natural dye together with hand-crafted techniques make the garment a touch of unique and fashionable. The kimono robe takes on a romantic and nostalgic feel. Foot Print adds ikat techniques on the eco fabric design. Colors are bright and fresh dyed with natural herbs and spices.', 1, '2018-10-13 13:09:30', NULL),
('sanctuary', 'Sanctuary', '', 'Minimal + Maximal + Relax', '', 'Sanctuary is a marriage of two extreme whether its formal meets casual or minimalist meets maximalist, unexpected pairings add a new dimension. Minimalist silhouettes are infused with a new, maximalist attitude: oversized details, statement pattern and sumptuous textiles evolve clean-lined silhouettes that underpin a sense of refined luxury. Feminine shapes have a tough edge: deep-V necklines, A-line silhouettes and a focus on the waist remain key. This casual lounge look in soft vivid colors offers contemporary leisure appeal and day-to-night wearability. Dropped  shoulders, short wide sleeves, side slits and a wide self-belt are key for this easy silhouette. This easy and comfortable style is cut from a light cotton and linen with a slightly oversized and boxy fit. The bottoms emerge in a culottes style with a comfortable dropped crotch, featuring patched pockets and an elasticated waistband.', 1, '2018-10-13 13:09:30', NULL),
('sensation', 'Sensation', '', 'Feminine + Luxury + Relax', '', 'Sensation connects mind and body with loose feminine summer dresses, allowing the body to become free from restriction. Shapes are flowing and feel comforting on the body. Hemlines flare and top halves narrow, moving the A-line silhouette into the more extreme trapeze shape. This theme features as a subtle undertone. Elevated basics focus on comfort and use luxury blends to take loungewear and classic wardrobe staples to the next level.  Attention to detail is key as simple finishes such as tailoring skill can elevate the ordinary. Fabrics become seemingly as light as air and cosmetic tones appear reminiscent of movement around the body. Refined accessories and apparel are perfectly framed with simple line detailing that adds graphic appeal.', 1, '2018-10-13 13:09:30', NULL),
('spectacle', 'Spectacle', '', '', '', 'Spectacle denotes street style with an artistic designs underpinned by a sharp, dramatic edge. Textural and visual depth is key, with color, surface and pattern merging together through layered styling, sculpted dimensional  fabrics, prints and encapsulated textures. Decoration takes a more divine path\nwith tumbled semi -precious stones, providing an intoxicating blend of glamour and deep twilight color. The convergence of past, present and future sees a confident classic style emerging, with an essence of spectacular. The movement of 1980s is played out through a glamorous, almost cinematic quality, along with familiar retro color and material references. These are pared down and made modern through new forms and constructions. Simple forms are elevated into objects of desire with the use of indulgent materials\nand fabrics, exuding an effortless luxury.', 1, '2018-10-13 13:09:30', NULL);

-- --------------------------------------------------------

--
-- Table structure for table `migrations`
--

CREATE TABLE `migrations` (
  `id` int(10) UNSIGNED NOT NULL,
  `migration` varchar(255) COLLATE utf8mb4_unicode_ci NOT NULL,
  `batch` int(11) NOT NULL
) ENGINE=InnoDB DEFAULT CHARSET=utf8mb4 COLLATE=utf8mb4_unicode_ci;

--
-- Dumping data for table `migrations`
--

INSERT INTO `migrations` (`id`, `migration`, `batch`) VALUES
(1, '2014_10_12_000000_create_users_table', 1),
(2, '2014_10_12_100000_create_password_resets_table', 1),
(3, '2018_10_13_121821_create_brand_table', 1),
(4, '2018_10_13_122538_create_category_table', 1);

-- --------------------------------------------------------

--
-- Table structure for table `password_resets`
--

CREATE TABLE `password_resets` (
  `email` varchar(255) COLLATE utf8mb4_unicode_ci NOT NULL,
  `token` varchar(255) COLLATE utf8mb4_unicode_ci NOT NULL,
  `created_at` timestamp NULL DEFAULT NULL
) ENGINE=InnoDB DEFAULT CHARSET=utf8mb4 COLLATE=utf8mb4_unicode_ci;

-- --------------------------------------------------------

--
-- Table structure for table `users`
--

CREATE TABLE `users` (
  `id` int(10) UNSIGNED NOT NULL,
  `name` varchar(255) COLLATE utf8mb4_unicode_ci NOT NULL,
  `email` varchar(191) COLLATE utf8mb4_unicode_ci NOT NULL,
  `email_verified_at` timestamp NULL DEFAULT NULL,
  `password` varchar(255) COLLATE utf8mb4_unicode_ci NOT NULL,
  `remember_token` varchar(100) COLLATE utf8mb4_unicode_ci DEFAULT NULL,
  `created_at` timestamp NULL DEFAULT NULL,
  `updated_at` timestamp NULL DEFAULT NULL
) ENGINE=InnoDB DEFAULT CHARSET=utf8mb4 COLLATE=utf8mb4_unicode_ci;

--
-- Indexes for dumped tables
--

--
-- Indexes for table `brand`
--
ALTER TABLE `brand`
  ADD PRIMARY KEY (`id`);

--
-- Indexes for table `category`
--
ALTER TABLE `category`
  ADD PRIMARY KEY (`slug`);

--
-- Indexes for table `migrations`
--
ALTER TABLE `migrations`
  ADD PRIMARY KEY (`id`);

--
-- Indexes for table `password_resets`
--
ALTER TABLE `password_resets`
  ADD KEY `password_resets_email_index` (`email`(191));

--
-- Indexes for table `users`
--
ALTER TABLE `users`
  ADD PRIMARY KEY (`id`),
  ADD UNIQUE KEY `users_email_unique` (`email`);

--
-- AUTO_INCREMENT for dumped tables
--

--
-- AUTO_INCREMENT for table `brand`
--
ALTER TABLE `brand`
  MODIFY `id` int(10) UNSIGNED NOT NULL AUTO_INCREMENT, AUTO_INCREMENT=72;

--
-- AUTO_INCREMENT for table `migrations`
--
ALTER TABLE `migrations`
  MODIFY `id` int(10) UNSIGNED NOT NULL AUTO_INCREMENT, AUTO_INCREMENT=5;

--
-- AUTO_INCREMENT for table `users`
--
ALTER TABLE `users`
  MODIFY `id` int(10) UNSIGNED NOT NULL AUTO_INCREMENT;
COMMIT;

/*!40101 SET CHARACTER_SET_CLIENT=@OLD_CHARACTER_SET_CLIENT */;
/*!40101 SET CHARACTER_SET_RESULTS=@OLD_CHARACTER_SET_RESULTS */;
/*!40101 SET COLLATION_CONNECTION=@OLD_COLLATION_CONNECTION */;
